{
    "objective": "binary:logistic",
    "eval_metric": "auc",
    "tree_method": "hist",
    "random_state": 42,
    "n_jobs": -1,
    "early_stopping_rounds": 50,
    "learning_rate": 0.06272924049005918,
    "max_depth": 4,
    "subsample": 0.6521211214797689,
    "colsample_bytree": 0.762378215816119,
    "lambda": 0.05342937261279776,
    "alpha": 0.014618962793704957,
    "n_estimators": 325,
    "scale_pos_weight": 4.000152555301296
}