{
    "objective": "binary:logistic",
    "eval_metric": "auc",
    "tree_method": "hist",
    "random_state": 42,
    "n_jobs": -1,
    "early_stopping_rounds": 50,
    "learning_rate": 0.11317653395935383,
    "max_depth": 4,
    "subsample": 0.6041504747821587,
    "colsample_bytree": 0.5587404371074101,
    "lambda": 0.195127472953204,
    "alpha": 0.001024440757414895,
    "n_estimators": 54,
    "scale_pos_weight": 3.998330550918197
}