{
    "objective": "binary:logistic",
    "eval_metric": "auc",
    "tree_method": "hist",
    "random_state": 42,
    "n_jobs": -1,
    "early_stopping_rounds": 50,
    "learning_rate": 0.11847894946608087,
    "max_depth": 4,
    "subsample": 0.9347705140912117,
    "colsample_bytree": 0.5846967572786779,
    "lambda": 0.07329919587138674,
    "alpha": 8.265028664825191,
    "n_estimators": 382,
    "scale_pos_weight": 4.0
}